<?xml version="1.0" encoding="UTF-8"?>
<beans xmlns="http://www.springframework.org/schema/beans"
       xmlns:xsi="http://www.w3.org/2001/XMLSchema-instance"
       xmlns:context="http://www.springframework.org/schema/context"
       xmlns:mvc="http://www.springframework.org/schema/mvc"
       xsi:schemaLocation="
           http://www.springframework.org/schema/beans
           http://www.springframework.org/schema/beans/spring-beans.xsd
           http://www.springframework.org/schema/context
           http://www.springframework.org/schema/context/spring-context.xsd
   	       http://www.springframework.org/schema/mvc
           http://www.springframework.org/schema/mvc/spring-mvc.xsd
">

	<context:annotation-config />
	<context:component-scan base-package="br.com.projeto"/>

    <bean class="org.springframework.beans.factory.config.PropertyPlaceholderConfigurer">
		<property name="locations">
			<list>
				<value>classpath:/application.properties</value>
				<value>classpath:/application-env.properties</value>
			</list>
		</property>
	</bean>

 	<bean class="org.springframework.web.servlet.mvc.annotation.DefaultAnnotationHandlerMapping" />
    <bean class="org.springframework.web.servlet.mvc.annotation.AnnotationMethodHandlerAdapter" />

    <!-- Application Context Provider -->
	<bean id="contextApplicationContextProvider" class="br.com.projeto.util.spring.ApplicationContextProvider"></bean>
    
	<bean id="multipartResolver" class="org.springframework.web.multipart.commons.CommonsMultipartResolver"> 
	    <property name="maxUploadSize" value="10000000"/>
	</bean>

	<bean id="mailSender" class="org.springframework.mail.javamail.JavaMailSenderImpl">
		<property name="host"><value>${mail.smtp}</value></property>
	</bean>
	
	<bean id="velocityEngine" class="org.springframework.ui.velocity.VelocityEngineFactoryBean">
		<property name="resourceLoaderPath" value="/WEB-INF/templates/"/>
	</bean>	
    
    <!-- Application Message Bundle -->
	<bean id="messageSource" class="org.springframework.context.support.ReloadableResourceBundleMessageSource">
		<property name="basename" value="/WEB-INF/classes/messages/messages" />
		<property name="cacheSeconds" value="0" />
	</bean>
	
    <!-- Configures Handler Interceptors -->
    <!-- Changes the locale when a 'locale' request parameter is sent; e.g. /?locale=de-->	  
	<mvc:interceptors>
		<bean class="org.springframework.web.servlet.i18n.LocaleChangeInterceptor" />
	</mvc:interceptors>
    
	<import resource="data-access-config.xml" />

</beans>